verb,beauty,life,sacred,good,love,magnitude,spin_magnitude,polarity
have,-0.8632692403719668,-0.9933413220392394,-0.9519128067215695,-0.7180720355969452,-0.9529804666445543,2.0154150870617213,0.8028110165404958,-4.4795758713742755
take,-0.9215244015096185,-0.9784633399492784,-0.9636887106490414,-0.7120147573654565,-1.0053829026494516,2.0622932519117634,1.0193534235992951,-4.581074112122846
make,-0.9155860473413959,-0.9970782958107466,-0.9957780974970314,-0.7426232904227219,-1.001488936899622,2.092488088312217,0.8036567170061051,-4.652554667971518
give,-0.9433857605428424,-0.9960594513645336,-0.9639154026487332,-0.7728119895053223,-0.9257966545190635,2.0653285075147116,0.6897462814671462,-4.601969258580494
fill,-0.914702284835986,-1.5607636024670815,-0.9621426393001788,-0.8483661964433323,-1.0852662318765862,2.4689896209480184,0.4478903156713327,-5.371240954923165
leave,-0.5530460259994043,-1.1028846568352926,-0.994105022655558,-0.8451347475447268,-0.9074156985742026,2.0119928580270456,0.441903237688283,-4.402586151609184
do,-0.8674576666435087,-0.973008147980413,-0.9813452125768077,-0.4727823606547614,-0.9659454677163924,1.9541852248060887,1.6286773195996018,-4.260538855571883
hold,-0.9121096848724946,-0.9956330432168534,-0.9788041627507669,-0.8620880425324615,-0.9631232009327234,2.1099973735182775,0.2703453867433115,-4.7117581343053
shake,-0.958938160008131,-0.93603804310866,-0.9989870241920656,-0.9093964606102695,-1.0092289967902017,2.1538917748817443,0.5273452140044527,-4.812588684709328
find,-0.8278316611998602,-0.9267671719279051,-0.9781479344593926,-0.7890327402726064,-0.8883541711532681,1.9780601180355595,0.7270089698613673,-4.4101336790130325
hit,-0.9424676290260463,-0.963853649065631,-0.994216144010093,-0.8117418161308378,-0.9828086590056714,2.104890131541626,0.1390240917639318,-4.69508789723828
touch,-0.6079033580046984,-0.9845702430997871,-0.9993382613922378,-0.8474155876890428,-0.8859476158075175,1.9597495689926336,0.33375675495783913,-4.3251750659932835
catch,-0.7588404997361533,-0.9459393706712868,-1.007084642100516,-0.8482172733000807,-1.0110263546577811,2.055846907217985,0.27423741744420893,-4.571108140465818
bring,-0.9036789037812398,-0.932625563275586,-0.9451214780814284,-0.767607715159256,-0.963241803564424,2.024039769187169,0.5499209880220761,-4.5122754638619345
get,-0.8895952525665245,-1.0062707764903707,-0.9903976429138999,-0.6742217135124309,-1.1199560138945432,2.119840671401281,1.2034860071135836,-4.680441399377769
turn,-0.8177416203496816,-0.9627633678111223,-0.963077019202385,-0.9039154255499368,-0.966901630547911,2.0676300115519264,0.2928765091756561,-4.614399063461037
open,-0.8963723922272596,-0.9816438968221954,-1.0009364463641397,-0.9609943015734419,-0.9972111853136548,2.164930061490867,0.11015666174049185,-4.837158222300692
cross,-0.6115044563414997,-1.2003892820390691,-1.0123696039935701,-0.8559985261778413,-0.9719212310444529,2.1253537822733146,1.383990927558535,-4.652183099596433
show,-0.9547084708610319,-1.1211031119788457,-0.986736777938514,-0.5059666307375662,-0.975134531342478,2.085396726427703,1.0186125107387334,-4.543649522858436
cover,-0.640641415286821,-0.9921453291567562,-0.9481994561365809,-0.8103828847892819,-1.0082431870879998,1.991765731715139,0.5661811109857081,-4.39961227245744
send,-0.9172353984662642,-0.9566647026451547,-0.9925769326568354,-0.9044645354059315,-1.1050815393877036,2.1865494280330653,0.6521143158606911,-4.87602310856189
wear,-0.8647155548319325,-0.9959148394682034,-0.9939555468514326,-0.9144851041836436,-1.010102575088177,2.1410551616741547,0.35696118666082327,-4.779173620423389
reach,-0.8387667597186382,-0.9712182965244753,-0.9969310564012115,-0.8193442916198149,-0.9996377685424174,2.076359054796757,0.29201079957410414,-4.625898172806558
meet,-0.8158357798581775,-0.7833460185019339,-0.8307823380961011,-0.885141053412682,-1.0914909683691119,1.9860124662649807,1.1868444875489812,-4.406596158238006
put,-0.940871629607101,-0.919043109255245,-0.9979650660501446,-0.9341007560600989,-0.9940033557488867,2.141588388752058,0.5123946494741104,-4.785983916721476
enter,-0.8982020015355233,-2.544554224948381,-0.9857374479609841,-0.9008470753365608,-0.9791207844574322,3.165976045278404,0.9314383605648766,-6.308461534238881
raise,-0.8894642760210917,-0.9492648145285959,-1.0012367408951524,-0.9304456826382265,-1.0049255188245816,2.137832983294778,0.4741026020444979,-4.7753370329076485
lose,-0.888846046325652,-0.916869767397732,-0.8821173324163627,-0.7099492011888484,-0.9578512766977201,1.9571242651212033,1.8361681805146792,-4.355633624026316
need,-0.8955025037343591,-0.9821142074469789,-0.913851132771802,-0.6721755985151138,-0.9946075886162278,2.010637021966958,1.0929320148200654,-4.458251031084481
tell,-0.915190442603646,-0.9673749571203882,-0.9173377126625495,-0.8528108974523233,-0.8678024004559707,2.0236758055628057,0.8190865554527272,-4.520516410294878
know,-0.902809902104148,-0.9701326841573874,-0.979825683623582,-0.8150217849494145,-0.9758108461082915,2.0815256020094606,1.0931562129751151,-4.643600900942824
run,-0.9355358337939595,-0.9740145727271019,-0.9953332963455552,-0.8462741793585373,-1.0048597001228645,2.1308550064683907,0.484160730587483,-4.756017582348019
see,-0.6409337411032785,-0.9269973143617414,-0.9989392324396441,-0.815967521429513,-0.9162596569231273,1.9425072525883502,0.9098081169316472,-4.2990974662573045
play,-0.7706440481662179,-1.0435085983226846,-0.9993123548635068,-0.8612741201722263,-0.8872655991440161,2.0519407837052874,0.708002079369098,-4.562004720668652
draw,-0.896277703037475,-1.0038420387260738,-1.010783669789049,-0.8816674561687488,-0.9476379143821371,2.12321720670064,0.4178354179577504,-4.740208782103484
keep,-0.8950265246506519,-0.9627806495997411,-0.9843508499190049,-0.8701375070292654,-0.9961411533143977,2.1086493623345333,0.47423883095421443,-4.708436684513061
grip,-0.7774471035826138,-1.096978691741266,-0.9067272034078139,-0.7814091725544725,-1.0454226653222995,2.0816938570608734,0.6233872587397588,-4.607984836608466
carry,-0.8377070826046165,-1.0268151667105476,-0.8720167778779079,-0.7331088590761693,-0.9838658239151854,2.0054815786881677,0.8088787447210565,-4.453513710184427
brush,-0.5224612577568523,-0.9981133149571748,-1.0173472466170095,-0.8916792218468227,-0.8964882533084757,1.9755946949069083,0.9084894775616839,-4.326089294486335
pay,-0.8760038191762674,-0.9968734099599542,-0.9932942923386956,-0.8492657572886397,-1.0041982461537695,2.115996049611288,0.94736893759057,-4.719635524917326
follow,-0.8150757001190827,-0.9842860288604166,-0.855712567568268,-0.7689366652649472,-0.9559373018852024,1.9673563739579663,0.763978524503581,-4.379948263697917
say,-0.9039881106916389,-1.0043459895640203,-1.0128230806762855,-0.8093392668199668,-0.9676969652687372,2.1078860095324834,0.7870501059288524,-4.698193413020649
break,-0.9484912031570873,-0.9652232525416728,-0.9206600260720423,-0.8152999298437156,-1.053357268724186,2.1102563551610793,0.3396954489722882,-4.703031680338704
light,0.0546269729430795,-1.04411420596822,-1.008732013998455,-0.9188562611893264,-1.0016871051399348,1.9895659684145686,0.6117536587757002,-3.9187626133528566
roll,-0.8325335985480462,-0.9117281822634739,-1.017793018891221,-0.9650138707221201,-1.006994995481369,2.122628981230383,0.3272064734564013,-4.7340636659062305
escape,-1.0311908892284316,-1.0416116094600154,-0.980495258680921,-0.9377709590543151,-0.9526962693366888,2.2128544689018907,0.669163436529389,-4.943764985760372
change,-0.9133563850363403,-1.0954579726722427,-0.9817831468965538,-0.8193762413499928,-0.9960688097435405,2.159091638198964,0.46538214087932767,-4.80604255569867
spend,-0.9495144177280915,-1.0023726338315373,-0.9340561958746048,-0.8653552614248559,-0.9989172408325488,2.12731400740178,1.1173435168926644,-4.750215749691638
lift,-0.830756036004225,-0.9412772531710871,-0.9697056161948563,-0.9166958457369345,-0.9966137650650251,2.085679196588738,0.32328812854553735,-4.655048516172128
pick,-0.9020074503375346,-0.9470285666667269,-1.0135794775115043,-0.8992528551518929,-1.0075612161332927,2.1358041121635147,1.4113182495325411,-4.769429565800952
pull,-0.8961311693231087,-0.9370996613771542,-0.11955189828187407,-0.943948239866045,-0.9838006081115569,1.8853120220364725,0.2835155182090346,-3.880531576959739
use,-0.9165797104204993,-0.9792111925431604,-1.0395576228287855,-0.8306921470691695,-0.9193499127566976,2.1011679327521384,0.5390361541596214,-4.685390585618312
set,-0.9148274163461717,-1.003204146965034,-0.940945116879757,-0.9447522415670443,-0.9042344583376976,2.106870244879247,0.7771639766932996,-4.707963380095705
strike,-0.8553973128672032,-0.9566377904070846,-0.8632898674000479,-0.7606952418569686,-0.8741034039491926,1.9325744052507707,0.7503158724785423,-4.310123616480498
throw,-0.9323037661898637,-0.8832528764492174,-1.3376180382084284,-0.9060961669429114,-0.9871094048496358,2.2877812861459077,0.8032336044801436,-5.0463802526400565
ask,-0.8872090779335875,-0.9074245103114162,-0.9965421696777986,-0.7493067654597347,-0.9767390874752283,2.0295653129656817,1.2800412383129731,-4.517221610857765
grab,-0.93375169104837,-0.9488609730980063,-0.9956070513586905,-0.9359321337912834,-1.0006696194113105,2.1542449753440795,0.8618803918571104,-4.814821468707661
cast,-0.9610047967578041,-0.9872329203526098,-0.8891771952741052,-0.9308650531995433,-0.8603830191894108,2.0725742037361776,0.8143272625765976,-4.628662984773473
work,-0.8960461243162344,-0.9568771077290621,-0.9804288240125623,-0.5721704257586071,-1.004231610478685,2.0038995131368575,0.6900134482038869,-4.409754092295151
go,-0.9106995874176301,-0.9973962019868696,-0.953642199085952,-0.8327360600452662,-0.9394664313697996,2.0759703484174294,0.6048003779515355,-4.633940479905518
contain,-0.7612717517853931,-1.011647674032916,-0.9799965282757316,-0.631230917424389,-0.9454489959509742,1.963589867292108,0.6440799466520073,-4.329595867469403
skip,-0.9890079546390123,-1.0633355040074948,-1.0076928495923219,-0.9609353040102131,-0.8645280881729238,2.189764709112543,0.508507387799631,-4.885499700421966
clear,-0.8821522481509771,-1.0069870239281724,-0.9894498907937087,-0.98009989895417,-0.9934639717928022,2.172278300966413,0.2953773088434721,-4.85215303361983
burn,-0.8710009732946478,-0.992520705979504,-0.9676582505165365,-0.8998008199719485,-1.002614151252274,2.12013659677496,0.35290385213661324,-4.733594901014911
form,-0.8867885417848624,-1.0477575056709392,-0.9828520260849396,-0.6497807045461794,-0.9321827575519421,2.0350350049047448,0.508665697773424,-4.4993615356388625
close,-0.8861062050001086,-0.9499341856405817,-1.0005937277193198,-0.960723453865266,-1.001954589033773,2.148406275552233,0.3021338882746714,-4.799312161259049
trace,-0.40368991969521173,-0.9906267542320694,-1.039063012148238,-0.6716055706683377,-0.9419975797365856,1.8874247914713818,1.0563005635586296,-4.046982836480442
want,-0.845820985914136,-0.9633839609874602,-0.8496405317650522,-0.6851296140306046,-1.0407378620027794,1.9793808918817246,1.5350023402075694,-4.384712954700031
call,-0.8092941385560297,-0.8844672753469647,-1.0001898855221938,-0.824112839944781,-0.9668919687425112,2.0128738716428187,0.92019658264148,-4.48495610811248
line,-1.2113690417084577,-0.9950833810915425,-0.991766921820425,-0.9236115130117812,-1.0122252632374904,2.3062666212421155,0.5634089352374217,-5.134056120869697
search,0.5421375550787697,-2.158745181939447,-0.9785893719331051,-0.7991482032892063,-1.1979131084204822,2.825838762948088,4.571504887747317,-4.592258310503471
stream,-1.9229854561255026,-1.0617797919761658,-0.9595209596234353,-0.5688817146390619,-0.9626065674531087,2.6450269700005653,6.638481906491225,-5.475774489817274
scan,-0.7127720100391288,-2.4310105383984255,-0.8762607266192252,-0.8285997556023988,-0.6860831245019223,2.8884211337381798,3.673602080443319,-5.534726155161101
offer,-0.8662127527286136,-0.9735035191110045,-0.8125360968145274,-0.48114679096150037,-0.9716090944820451,1.8798337719784026,1.7973399470744373,-4.105008254097691
blow,-0.9086174754245683,-1.003427702358177,-0.7539345288441195,-0.8711925345369698,-0.9588366140668128,2.0197064709997314,1.2379098571229095,-4.496008855230647
slide,-0.8047827965737023,-0.925062249421731,-1.0017096029228685,-0.908402006507799,-0.9913713980319092,2.077221485017236,0.23219328381157667,-4.6313280534580095
hear,-0.9519740606198164,-1.0043186865364742,-0.9832273394523754,-0.9007636304156543,-1.0572026138212953,2.1933306002096664,0.586765921569619,-4.897486330845616
mean,-0.893641316301629,-0.82143741471445,-0.8272996783762605,-0.6169362136160401,-0.9984011099959648,1.8802111728334139,1.431943945570632,-4.157715733004344
kill,-0.6305755924320398,-0.6343714319470234,-0.9178244412407448,-0.7151661337611175,-0.91430406340377,1.729123742135273,0.7070433509114067,-3.812241662784695
caress,0.3985318007945624,-0.7687138591434051,-0.9281917289829833,-0.8743127491300475,-0.9569565599153556,1.8142428503627888,1.0796008410206717,-3.1296430963772295
bear,-0.9481643219078031,-0.944886278860033,-0.9544495758423427,-0.8137062556336232,-0.9327928239721621,2.057916416440115,0.5172895313462048,-4.593999256215964
push,-0.9447971223063684,-0.9685244285956462,-0.9350500858598544,-0.9217963183972181,-0.981671626733812,2.125649893448193,0.45069959396651404,-4.751839581892899
feel,-0.9685514470888482,-0.9945397204532234,-0.7396405522235794,-0.7645147462015476,-0.9464319353926816,1.9885888245691798,0.9454086149788096,-4.4136784013598795
flood,-0.5371466221894943,-1.3522170507477809,-0.9936316248631778,-0.8276158368302609,-1.0305008634379729,2.202544268547061,0.3306461753311156,-4.741111998068686
stroke,-0.9631595308574596,-0.9374856360168745,-0.998497139771279,-0.9449833141808837,-0.7608646519766988,2.0677186995476102,1.772035970053844,-4.604990272803196
cause,-0.9751734547187291,-0.9886341988359442,-0.9663831948814673,-0.6846844466503401,-0.9692413082924904,2.0665136898725796,0.36900090865739926,-4.5841166033789715
answer,-0.9788989007397773,-0.9476216542372827,-0.9983334234558108,-0.8480675986811719,-1.0015676019302742,2.1389847580118837,0.3670975697321752,-4.774489179044316
cup,-0.5887956994663952,-0.9433960638169865,-1.259365313926259,-0.7572644358615112,-0.8751434014320072,2.040098748038125,6.786052661712784,-4.423964914503159
pour,-0.9585017034216307,-1.0405990756182644,-0.9408292649261231,-0.8846570824134719,-0.998263404910727,2.1600647296850752,1.3279658056579802,-4.822850531290217
provide,-0.8838257984151064,-0.996645664453072,-0.7864046945688414,-0.5555727447468213,-0.9551424426815391,1.901010554040743,1.691517456289638,-4.17759134486538
drop,-0.9257484741545302,-0.8869840163269377,-0.8947924016805482,-0.8936351857994648,-1.0280140951081946,2.073596187728969,0.3477100853273884,-4.629174173069676
exchange,-0.9834574363863237,-1.000660122825489,-0.9869588813118064,-0.8765618262505716,-1.180549973183849,2.2593485606300456,0.6618292528625546,-5.02818823995804
stand,-0.8578301022798993,-0.7152975940161665,-0.9268825485180653,-0.6728304980320967,-0.9938530163720904,1.8833690791674969,1.7731666681187235,-4.166693759218319
shoot,-0.9195195833424235,-0.9160673078001242,-0.9998561634094141,-0.8655494193724964,-0.9904199640528492,2.10107482652301,0.3923476237918811,-4.6914124379773074
block,-0.7891823527164381,-0.9985764926505836,-0.9939328419558724,-0.4980474596256772,-0.9665808594074076,1.946842603202484,0.7383933523939777,-4.246320006355979
move,-0.7974260189191171,-0.9968505143584828,-0.9461595947882684,-0.6863315706942308,-0.9898059168289208,1.99388664681747,0.5620315469753502,-4.416573615589019
pierce,-0.8049784626695803,-0.9836933106723195,-0.9393889457751772,-0.7994722943460574,-1.1984335075228196,2.1385727174095215,0.9527402951675953,-4.7259665209859545
graze,-0.4001441985256331,-0.948578543144251,-0.9817802556646811,-0.9054422194935482,-0.8934541115019403,1.9083749539179982,1.3564458626956872,-4.129399328330054
read,-0.9133802226547623,-0.9639990622650175,-0.9684171523179869,-0.8749377497405286,-0.9339386639207001,2.08306190449909,1.012731404586387,-4.654672850898995
speak,-0.9840746424466531,-0.9455238113606034,-0.9521362181443289,-0.9539987124677309,-1.02345442451152,2.174063950324569,0.38588884100285314,-4.8591878089308365
tickle,0.004779111739037001,-0.976604757633059,-0.9566191757340653,-0.9165740660195085,-0.9778154844093704,1.9144532065247584,0.5756589152253803,-3.8228343720569664
trickle,-0.9419581482600421,-0.9695584219329606,-0.9613551232199856,-0.9789981046429912,-1.004126514808047,2.172150940011089,1.2241476728361353,-4.855996312864026
cut,-0.8299914076046248,-0.9411592268167109,-0.9877950933477967,-0.791283240744582,-1.0163985797645807,2.0517311747381584,0.3303624561583601,-4.566627548278295
watch,-0.7763222131192267,-0.8844633136376099,-0.9347685540430003,-0.8532848395027054,-0.9985942044384648,1.9960033025634114,0.7327647390388762,-4.447433124741007
sweep,-0.6685108528332314,-1.9357816595956137,-0.9852835584975664,-0.9019495199338402,-0.9881475050972737,2.6372124512384363,1.0151355007267089,-5.4796730959575255
round,-0.7835260516874456,-0.8896289203724309,-0.9936168820435829,-0.8482056733308441,-1.0288704128820847,2.0422180071414338,0.24518343539105703,-4.543847940316388
love,-0.8448400092461825,-0.8418888142313474,-1.0202259989815545,-0.6797484461018913,-0.8239768159668674,1.8985226490557592,1.5211476032673483,-4.210680084527843
pass,-0.9007370639805353,-1.003864171758192,-0.9253801277724274,-0.840554193199686,-0.9908315494516235,2.0889416999376573,0.6231034411160736,-4.661367106162464
lead,-0.7752938020309443,-0.8487580229487127,-0.9975565282188373,-0.8820598527714121,-1.0002781983784865,2.0236540578868367,0.6877847969564982,-4.503946404348393
warm,-0.7070473019602377,-0.9910153029187622,-0.9640701941088917,-0.7662848871386667,-0.9686752225566487,1.9841831498251026,0.45372935780777673,-4.397092908683207
buy,-0.8321728517221683,-0.9680156742310859,-0.9217282249698361,-0.8995531264332889,-0.7802098300110796,1.974100333703517,0.9140962520261576,-4.4016797073674585
eat,-0.8381863271773511,-0.6539145662573977,-0.9893871168431104,-0.612706431737994,-1.0351151740850202,1.8857147295176828,0.8104506862307416,-4.1293096161008735
save,-0.9237754992884917,-1.023048011533958,-0.9310460147959464,-0.8942399601514388,-0.9919707298879197,2.133191534753202,0.4774297877049348,-4.764080215657755
reveal,-0.9408412900945509,-0.9779333279442115,-1.0239105688534043,-0.6712301150314448,-1.0132680957266038,2.0897824961471625,0.4067427367139763,-4.6271833976502155
own,-0.6878445998935239,-0.9144384641702806,-0.9531426964310759,-0.9430747590025272,-1.0087203768892055,2.0309396096230583,1.102354254427477,-4.507220896386613
sting,-0.012317627342864568,-0.6242394730870036,-0.9951864414265237,-0.9098266752584843,-1.000895713651447,1.7915913332901094,1.097483088091276,-3.5424659307663235
squeeze,-0.8728456899239325,-0.9910049009046406,-0.8325300807505753,-0.952003745347203,-0.9313911797612059,2.0520373554792894,1.2648558252114233,-4.579775596687557
circle,-0.739426149159225,-1.1094145882888915,-0.9910164331301811,-0.9642184796105799,-0.8148021064087604,2.0864527501320054,0.6196373299016512,-4.618877756597638
begin,-0.8864661797903773,-0.9740469791975823,-0.9422166238723083,-0.7520611515384562,-0.9415085784667149,2.018513401213174,0.43717084352122393,-4.4962995128654395
reflect,-0.9861817927870383,-1.0008795947029523,-0.992102611318624,-0.3043239685236715,-1.1489690671011292,2.090771407369986,0.4261766077573338,-4.4324570344334155
let,-1.0422255395142386,-0.9859102972605173,-1.0108271013097005,-0.9518992407947406,-0.9227699425105977,2.1994638323075137,0.6114033359871288,-4.913632121389795
drive,-0.9150004602630781,-1.009784542270506,-0.957831213290885,-0.8109661632332283,-0.9444264845784435,2.0794082812008825,0.2891416474362809,-4.6380088636361405
match,-0.736490798933692,-0.7451838615753399,-0.9008020231432642,-0.6365997781792495,-0.7959246783317588,1.716950011072164,0.5980472498367624,-3.8150011401633046
clutch,-0.9410723197026962,-0.9617617107414269,-0.8620008356181235,-0.9816770498584387,-1.0016389257266567,2.1261746183027515,1.2932505447329825,-4.748150841647342
share,-0.9261802758547918,-1.0086760570683166,-0.968507351637618,-0.8623010103492144,-0.9098051485334933,2.09393223921138,1.3346285490453431,-4.675469843443434
illuminate,2.5967129836451983,-2.7781296360023235,-0.8825200055609614,-0.656384573264693,-0.9803029004501769,4.07818570429697,2.969960519945069,-2.7006241316329564
betray,-0.9900510005177661,-0.9886285147537245,-1.0034867433513275,-0.8066839172595828,-0.9872119825845784,2.1424050524623204,0.6538479714062829,-4.776062158466979
lower,-0.8899983838940292,-0.9619316893332134,-0.97497391918315,-0.9059547688006169,-0.984111107111839,2.1112111584628983,0.8409165751789079,-4.716969868322849
receive,-0.8538544453964318,-1.1061418831440883,-0.8418947637895933,-0.829915794752949,-1.0380703405128913,2.1042229756131126,1.6155871088306553,-4.669877227595954
grow,-0.8955722278216572,-0.9657544398475308,-0.8979182810442925,-0.7012367686532159,-0.4068164423437354,1.7883570997529044,4.556772038567555,-3.867298159710432
approach,-0.8784678822651762,-0.9132255075038657,-0.9819498015428869,-0.9488515931822687,-0.959088066854808,2.0952520913591983,0.3066885236157365,-4.681582851349006
flash,-0.8141997507244213,-0.9950862662786307,-0.7633169156164834,-0.9670545308770503,-0.7987258218406038,1.9516475166502523,0.9397134337248993,-4.33838328533719
place,-0.9571484939735035,-0.9059073250156178,-0.9506708775403614,-0.9458772570177305,-0.6588832448732044,1.992332139517427,1.215654487520996,-4.418487198420418
hide,-0.3703430288562536,-0.8844012310303448,-1.002056023659521,-0.7923116181483404,-1.1036495531813857,1.9414519843439493,0.7982178347777397,-4.152761454875845
split,0.23110222462886143,-0.992549792987862,-1.0839400605884504,-0.8658582229798464,-1.0607146656892315,2.0219583203041513,1.5347985537667679,-3.771960517616529
include,-0.7254921155769172,-1.1255605965254407,-0.966172125363095,-0.4652998212153846,1.1865608397710794,2.0859397383781095,0.613165381419648,-2.095963818909758
curve,-0.3882624276953289,-1.09962670294759,-0.9691951202408747,-0.9924388229297816,-0.9561117629452848,2.048987628121403,1.3707864334296156,-4.40563483675886
hand,-0.9493787371162192,-0.9881980744041358,-1.016710593288995,-0.9048214879396937,-0.9108155741455451,2.135378839080778,0.6074419057266702,-4.769924466894588
press,-0.7822833644071984,-1.0256088449380028,-0.9770353244711957,-0.976135627287428,-0.22313822069230227,1.9029109854907535,0.5499077496631958,-3.984201381796127
wave,-0.9737644225668054,-0.9488901329072752,-0.9952768991491574,-0.944771651975514,-0.9398452933871098,2.1482756785021926,0.5118071037695147,-4.802548399985861
beat,-0.6359858931933977,-0.764327383717203,-0.9067107401700834,-0.772743188178789,-0.8280392646750405,1.758857535703523,1.06392227500844,-3.9078064699345134
grasp,-0.9218380052172096,-0.9906737133730548,-1.080278404094208,-0.845598054199652,-1.1018638705418733,2.219766024394302,0.6217899041969108,-4.940252047425997
lay,-0.9374581288781199,-0.9559911514090531,-0.7145646167441176,-0.8477203691260646,-1.0136713593679674,2.0123391527048504,0.4183452418525687,-4.469405625525322
serve,-0.9239582535692201,-0.9645809399676165,-0.8649799664123123,-0.7949065102852872,-1.0240865960346892,2.0525436177226513,0.9711584422501011,-4.5725122662691255
miss,-0.8807377822319105,-1.0224956723267207,-1.114511333370219,-0.7459492505466884,-0.8249177096304634,2.0737071792423962,1.1714389494033637,-4.588611748106002
rub,-0.8556997823171837,-0.9442348087843572,-1.000009125222205,-0.9671403769829067,-0.77364448698482,2.0390453754485285,0.5423671606808312,-4.540728580291473
write,-0.898766625823859,-0.9678182216598339,-0.9217977218043233,-0.8547192699085622,-1.0218562491559393,2.0901913362386995,1.0635379813124506,-4.664958088352518
produce,-0.8897562034063958,-1.0024385952936763,-0.9746379797156642,-0.7690392448262159,-0.9841015373545453,2.0751736376132985,0.406636773073693,-4.619973560596498
join,-0.9072295321718344,-1.0284662583855153,-0.9901320600390513,-0.703951883751722,-0.6282380924551665,1.9368534070622658,0.44953435496234323,-4.2580178268032896
stop,-0.853009613037892,-0.9819297118273763,-0.9730658768742373,-0.7379424575425919,-0.784552304030997,1.9490382110276399,0.716118501529821,-4.330499963313095
start,-0.8748346725410275,-0.9760243415078306,-0.48415462500550055,-0.9073262908759343,-0.904655436125926,1.8957867434489692,0.8202106459711543,-4.146995366056219
require,-0.9030505444572714,-0.9985082407960499,-0.7482455657577604,-0.8277915601916229,-1.0861681106120842,2.058492276180179,1.4212613326243848,-4.563764021814789
stir,-0.9642949542288495,-1.7908498867723783,-0.7710832710464481,-0.6397621499500437,-1.023666608948962,2.487723140017257,0.634349726530837,-5.189656870946681
stain,-0.6941643939583837,-1.0191623475524458,-0.9709733788758533,-1.113687395780378,-0.9743030083319708,2.157060816611025,0.4445686716623587,-4.772290524499032
justify,-0.04002792504214847,-0.9998305502995926,-0.8020308858402929,-0.8800376260153844,-1.0267301272976233,1.8636410285891212,2.9130394424263715,-3.7486571144950416
choose,-0.848537433695157,-0.88698478055027,-0.9116777336137344,-0.8803551852995919,-0.997387471919906,2.0267513633160603,0.4486707158990693,-4.524942605078659
penetrate,-0.6976747566778353,-0.9196908686408192,-0.6230741621315579,-0.7986332979292643,-1.0896831886215206,1.8830898458672813,1.6848990071390255,-4.128756274000997
spread,-0.9457827054677456,-0.8948368301391658,-0.9736890129351196,-0.9033641250152825,-0.9636357005039965,2.0947478793631515,0.5798825260898605,-4.6813083740613095
seek,-0.7176366700123453,-0.9773663458731989,-0.9133035916595559,-0.3620174492521362,-0.5691800286289721,1.6611421833435218,0.9899958622428965,-3.5395040854262083
travel,-0.6106476845797604,-0.9873999885254477,-1.07485334837016,-0.16976127138047814,-0.9932125818478459,1.8757529620199997,2.1503380825820466,-3.835874874703693
create,-0.8105612481938622,-0.8127994367155083,-0.7599497309426042,-0.7415192719873765,-1.0560175483612733,1.88684921181689,1.0424587369718032,-4.180847236200624
interrupt,-0.9578777834927009,-1.0442108564630574,-0.9213077463602968,-0.912237572640472,-1.0442618319142971,2.1861780089685454,0.4484769494509195,-4.879895790870824
twist,-0.8726389706605634,-0.8189582594715352,-0.995897267872933,-0.886229280090935,-1.0729706653850914,2.0882220087185104,0.6729359063429236,-4.646694443481058
kick,-0.8629319103308215,-0.866695849646687,-1.0149061990067794,-0.9079691962015424,-1.020633341167391,2.095697556613971,0.3843954524996894,-4.673136496353221
lick,-0.9931303597291303,-0.9637879934749141,-0.9848837467441961,-0.9827516841514017,-1.0351888557531863,2.2186951214984463,0.6793220381269978,-4.959742639852829
commit,-1.035745245074152,-0.984944342862194,-0.2112572608530654,-0.9944507180317486,-0.8930151661019156,1.9682280149858111,0.5931615634542828,-4.119412732923075
win,-0.7666662458237589,-0.9884581848241741,-0.9818154657292407,-0.746876806058735,-0.875880157141169,1.9631045151694444,1.2333875876343567,-4.3596968595770775
roam,0.39426021098939623,-0.5379030128966975,-1.0027928759089908,-0.8972470244827025,-0.41542523737959747,1.558205592347021,1.8828981030178438,-2.459107939678592
gain,-0.9704194701196726,-0.5389733759404721,-0.9447783016236693,-0.7560148216867699,-1.0064434997364238,1.9259541053593932,1.4251110538123306,-4.216629469107008
drip,-0.9708699862146893,-0.9659190000776233,-1.0373893301055674,-0.977955140065873,-1.0066251943304145,2.2184353055481134,2.0028444305879614,-4.958758650794167
face,-0.9487485096728903,-1.00477529367002,-0.6110751732924533,-0.8827925703736261,-1.1068720907163685,2.070651718735989,0.8198087893889952,-4.5542636377253585
nod,-0.9284344646621543,-0.9669405076562231,-0.9459496050619608,-0.9227055772691087,-1.1525921321172294,2.2071790505479876,0.8173581927693848,-4.9166222867666765
finish,-0.896628124130427,-0.9803103751056542,-0.8776044302389484,-0.8414066611406563,-0.815260075593671,1.97680401678197,1.9082046675805902,-4.411209666209357
stick,-0.958365788708452,-0.9365427184098116,-0.9941041467429581,-0.9436943648387491,-1.0166298510142016,2.169773170436561,0.642068705956101,-4.849336869714173
flush,-0.926035807083679,-1.0587484386985229,-0.9875816068622724,-0.9763453663546969,-0.8370024885741967,2.1465394109920353,0.7453843054462853,-4.785713707573368
like,-0.8933544522698499,-0.8671056797628467,-1.0008610805411542,-0.6184078987100616,-0.9839142754180512,1.9753969146396329,1.7301535618757562,-4.3636433867019635
mark,-1.050727612632457,-1.0863167433877379,-0.9131100509698945,-0.7778577802668225,-0.9539559413052389,2.1524351819203007,0.3742766532582325,-4.781968128562151
build,-0.8306003456620419,-0.9676504106225615,-1.0152620973072837,-0.9717738897832853,-1.0793669961606276,2.1832038344795137,1.5537488671864579,-4.8646537395358
crease,0.40411121106399883,-1.1352928901997816,-1.010043435113324,-0.8218393813073982,-0.9891274283252719,2.0312992385156847,3.117045319752632,-3.552191923881777
steal,-0.881979983437662,-0.9054493512843518,-0.9770863241276696,-0.8329423848945922,-0.9927610842465544,2.0571321033593244,0.3961897516555246,-4.59021912799083
remove,-0.9836926590713472,-0.7970127500211928,-0.9315367725459532,-0.9722478477819466,-1.009313812036975,2.1058541208967374,0.5005471905855093,-4.693803841457415
wash,-0.7222368776131369,-0.9497549535383017,-0.8928959267115602,-0.9357838601229165,-0.8312581953518323,1.9461771078961807,0.9660617232394552,-4.331929813337748
frame,2.18005024414279,-1.0146613634137398,-0.9770550767825934,-0.6533863126699959,-0.873098934731426,2.8153168198041145,3.349487017146762,-1.338151443454965
cost,-0.7043031379949066,-1.0007474170621014,-0.9140633709769206,-0.4365045488260848,-1.0012895900534968,1.8778091525506513,6.026824296961383,-4.05690806491351
cloud,-0.9341377529964316,-1.1254928636503343,-0.8901886940560221,-0.6344255053400221,-1.0668810848064192,2.114832005070351,2.9144560896083336,-4.651125900849229
suffer,-1.0289217328944376,-0.9913877043621988,-0.816880468691846,-0.9064605304009072,-0.7176217420596425,2.0113365881335383,0.4330688172006745,-4.461272178409033
whip,-0.7736901545476912,-0.7759600256204706,-0.7805945582247307,-0.6353111866257941,-1.0108239874399547,1.7987283614739882,1.4391840153605189,-3.9763799124586416
sing,-0.6387642645795315,-0.9908211142202836,-0.9132715088351915,-0.8163941593996549,-0.8639775804554078,1.9070311476140371,0.54637976230564,-4.223228627490069
come,-0.958520253837464,-1.0020355308710036,-0.9364062411224872,-0.5948193323047845,-0.9753262516835429,2.0260217831662857,0.40309928035773784,-4.467107609819282
snap,-0.9294383570379844,-0.974355375990713,-1.0515507544583083,-0.7610750790295779,-1.0063546888126225,2.123903972187146,0.3208924129737467,-4.722774255329206
fire,-0.9291749236719034,-0.9730381050242989,-0.8398066058376643,-0.822507063314472,-0.989970517348694,2.0425483647249045,1.2301256056404182,-4.554497215197032
tap,-0.9595678380974646,-0.8843508960113428,-1.06875441623665,-0.8759158719405232,-0.9705087969509822,2.1340569076500793,0.7029399802393249,-4.759097819236963
tear,-0.7947316267217402,-0.9759975139525396,-0.8688152508699106,-0.7488450207369752,-1.0142230662615521,1.9820259178721686,0.5265641215564754,-4.402612478542718
teach,-0.8618401409465086,-0.9610557491045355,-0.8803231394564907,-0.7965907830688042,-0.8209224581885409,1.9364493201022839,5.179653988468957,-4.32073227076488
attract,-0.9827731891655648,-0.9889325327352149,-0.8652941145402431,-0.9120823567819212,-0.9991826148178866,2.1266933779014545,1.436758376000624,-4.7482648080408305
fight,-0.8224459681744078,-0.9519442357732144,-0.7620419500431732,-0.7004129629534706,-0.9655551658815987,1.893726017471295,0.7290918823489698,-4.202400282825865
trail,-0.268800794484952,-0.4280665878292137,-0.9596571775514599,-0.693595663335582,-0.9771824935282456,1.616291229640725,1.0400785236694432,-3.327302716729453
enjoy,-0.8946780634467791,-1.0239746311447993,-0.9518331913678342,-0.7337471768679138,-1.0048134726478173,2.074366009412679,1.6998054522041532,-4.6090465354751435
release,-0.9381290017602464,-1.0163999906171772,-0.9979460452121601,-0.7711195688840766,-1.0034983400769666,2.1238374660218367,0.49137264144650833,-4.727092946550627
return,-0.9326644300778221,-0.9498850055759012,-1.0144801109867598,-0.8863379437948661,-0.589629903865558,1.9835757441249995,0.49095366708372956,-4.372997394300907
hang,-0.9766699732491669,-0.9522504243735719,-0.6956634051744814,-0.7833024516138137,-0.8704993508910384,1.9276785342144216,0.5154296375958715,-4.278385605302073
marry,-0.7571520066909436,-0.6610822422803895,-1.006770243325129,-0.9206841424747737,-0.6878982975766789,1.82886811256387,1.9803191247692193,-4.033586932347915
hurt,-0.27400546960110894,-0.7428453131791657,-0.9514697292144744,-0.8144177825484774,-1.0070078260267,1.7915172029610102,1.5016622727212083,-3.7897461205699265
invade,-0.7899635441526556,-0.9795756400091814,-0.7828687611317389,-0.9138912456617524,-1.0119424798191996,2.0138816062781313,1.306825663980323,-4.478241670774527
litter,-0.9270887594218205,-0.9302212484217534,-0.7194940364396165,-1.0336253928588217,-0.6383166358397054,1.9282910536757827,1.1092265970645405,-4.248746072981717
swing,-0.8933701654931803,-0.9802023879367918,-0.9871862549426232,-0.8609206217783822,-1.0014993132382821,2.116040847261217,0.7357881203569117,-4.723178743389259
understand,-0.8685860818351174,-0.9924709322257548,-0.694658413848189,-0.8439102979073674,-1.0450056134257946,2.0065422915568822,2.1257980585596594,-4.444631339242223
kiss,-0.7224940665255525,-0.6172304977328809,-0.9573830920519141,-0.9100692078227306,-0.9507444296700792,1.8845939833340415,0.7484187456375998,-4.157921293803157
live,-0.9712511540284826,-1.0481641121214198,-0.8725718618777407,-0.9502907415481037,-1.0160290649921822,2.1768615065416226,0.602631612869978,-4.858306934567929
stretch,-0.770495551825214,-0.9786000928717569,-0.9722460114596926,-0.8966612321563541,-0.9040835804980101,2.0292738429617097,0.7487946287052256,-4.522086468811027
ring,-1.0425539732466578,-1.0571535590437076,-0.8808121279360063,-0.6298411734431523,-0.9498541573738836,2.068633670637463,1.198557156919693,-4.5602149910434076
skim,-0.2640697565923211,-1.044215611291577,-1.1278103063554532,-0.852712420708433,-0.8744542833235132,1.9808745372654537,0.7485212331979045,-4.163262378271297
force,-0.7961710871447161,-0.9491400386798868,-0.9767685144401786,-0.8559728681509056,-0.9156738015263999,2.014939206438851,0.34521157218355614,-4.493726309942087
walk,-0.9731233292805467,-0.953245176476323,-0.7245088592639872,-0.8328030329345038,-0.9493227934376519,1.9938237448236518,2.544260739624983,-4.433003191393013
notice,-0.8644107880011271,-0.9185192787696375,-0.9808059094572781,-0.7973328072754322,-0.5248448818006368,1.8612000600205743,0.7561409237993182,-4.085913665304112
point,-0.9556988489685744,-0.9760911139352768,-0.9829162506984017,-0.865482138285937,-0.941904551177244,2.11387843163477,0.39240945088076856,-4.722092903065434
gather,-0.9008494259325213,-0.9524534461257554,-0.9887267117460674,-0.7321963130648406,-0.9994256206157387,2.0569980014012827,0.44830161659839707,-4.573651517484923
tilt,-0.9547592828855599,-0.9593537265628058,-0.9642952402420341,-0.9166818963614553,-0.8229505328881211,2.0686574027560027,0.7266028843369434,-4.618040678939976
prick,-1.4920895879297458,-1.0013345026084899,-1.0312431346721727,-0.9633752725418324,-1.0365229534602984,2.508971158886875,0.44103087794047724,-5.52456545121254
climb,-0.9254223466066367,-1.0080572102463423,-0.8073121011825459,-0.9260605061439509,-1.013081516577335,2.0995858895778885,0.6796023823879257,-4.679933680756811
cock,-0.9267237535772879,-0.9564582450256326,-1.0002056806230453,-0.928335888658051,-1.0015381726663417,2.1538168276227365,0.5529922971316766,-4.813261740550358
tease,-0.5352171580567305,-0.6511797956788914,-0.9442994066314335,-1.105297561433737,-0.9509053244407114,1.930828199841784,1.418900061007331,-4.186899246241504
rake,-0.12361748416224316,-0.17575813051451672,-1.04301968093249,-1.005455670786247,-1.0904718319840272,1.825960618390193,1.1619893423346157,-3.4383227983795246
creep,-0.1818077390510957,-1.0154507265915904,-0.9894726944558226,-0.9797974057224897,-0.9961513265692619,1.9988924100296512,0.3541096798380403,-4.16267989239026
wipe,-0.7639366914166146,-0.9863524866965272,-1.0214857827167032,-0.9720778427899089,-1.2323188900151079,2.2502152963502167,0.7697725093559918,-4.9761716936348614
replace,-0.7571751019463113,-0.9377504191389445,-0.660970862262485,-0.909903108680736,-1.0775082070252517,1.9693958636486282,0.5240090742578254,-4.343307699053728
drink,-0.976887443215251,-0.9932856966237184,-0.9232978086719208,-0.7159896816819472,-1.31963250424291,2.2466587559878106,1.2283647356262881,-4.929093134435748
check,-0.8510306602600557,-1.0129490057201702,-0.9590168478208483,-0.8157927698313223,-0.7413268707983189,1.9710696486864872,0.9160627795422082,-4.3801161544307154
announce,-0.9608331250937207,-0.5991905561160041,-0.9120316571043882,-0.8071872260856097,-0.9816467140453551,1.9311169952978955,0.7385125877359733,-4.260889278445077
capture,-0.9697195428952605,-0.8300240422827021,-0.6901014492374424,-0.7367047692635306,-0.1695102337191261,1.636155111617194,2.160030889878591,-3.396060037398062
surround,-0.4459424442151383,-1.0026554190232853,-0.9533937241234021,-0.7174504279369611,-0.9205534102716143,1.864214538017781,0.6764350813133416,-4.0399954255704005
glow,-0.8070688896502325,-1.082123701652501,-0.2506181693231291,-0.6672018626976788,-0.8967329990876736,1.7704377318488986,0.5263142062564999,-3.703745622411215
support,-0.7776818471792681,-0.4082030873967394,-0.9230894028181058,-0.6308055067105924,-0.9380410574935218,1.7033348098443382,1.175197210243822,-3.6778209015982277
shout,-0.9859615004264609,-0.9707790460557905,-0.868522653622469,-0.8165168297292155,-1.0630302010372765,2.1131958210227477,0.918182663456795,-4.704810230871212
continue,-0.9761343693814705,-1.0237337879941146,-1.4680593896405791,-0.539430896433505,-0.5560810277577147,2.180889577383399,0.972509483435575,-4.563439471207384
ruffle,0.1805374043054082,-1.1835422606552437,-0.9790437548813837,-0.9250374719760815,-0.9986251278846914,2.060300750299605,2.03702109811738,-3.905711211091992
sell,-0.8098117526339027,-0.972047501684026,-0.9678692627699909,-0.5431256196664678,-1.4639715908612756,2.2306143968951813,2.0288043071179893,-4.756825727615663
fit,-0.7341301710402188,-1.0910106774200206,-0.995415819160721,-0.814508888933692,-0.9915845996613794,2.0896815086871627,0.6280497785172728,-4.626650156216032
encircle,-0.8594834543024545,-0.9088579350065629,-1.0007704584341195,-0.7767760091819589,-0.9384902697847652,2.01256578020194,0.7641694803939465,-4.484378126709861
occupy,-0.9788480763465944,-1.0892429651648226,-0.8311033021403421,-0.8026452368662532,-1.0341443953519829,2.1328432898970955,0.8948166311655474,-4.7359839758699955
lie,-0.6717324791508932,-0.9476652238684907,-4.857097511708915,-0.8396003132052727,-0.9590632753963119,5.154165421333812,1.77952700529147,-8.275158803329884
shift,-0.9065400422900707,-0.48121117969178984,-0.9594269036943582,-0.8614802208921796,-0.9946926111335309,1.924952101456104,1.2191902083129198,-4.203350957701929
click,-1.0100737839773999,-0.9744223821995697,-0.17103587453049274,-0.9768661193120893,-0.11524660012481103,1.7223676995016213,1.616830033219454,-3.2476447601443628
explore,-0.4914334381397588,-0.9372017536681805,-0.7876489374483511,-0.19589666384821014,-0.3312017381786716,1.3741597047445124,2.153464035848284,-2.7433825312831717
tighten,-1.0110633843107297,-0.9775861975953585,-0.9681112706106476,-0.8221799030515,-0.9845571383776792,2.1355317662864204,1.1247359568658721,-4.763497893945916
pound,-1.048086616459727,-1.0117024443494054,-1.0224631199323337,-0.8296660334612853,-0.8522467306956251,2.1405906755349293,0.7729672348716736,-4.7641649448983765
hug,-0.6497628053094883,-1.4618434387261319,-0.7422596638387031,-0.7166342289873202,-0.6391064509199611,2.0080211714112983,1.4404475603213798,-4.209606587781605
clasp,-0.9328276555699457,-0.9410839792680419,-0.9942820727417054,-0.9580759169459516,-0.6591098296300915,2.0240401580387357,0.46862491816595225,-4.485379454155736
deserve,-0.9599793497208055,-0.9983928140886615,-1.2780263557659386,-0.5890206406281746,-1.0282219523490275,2.226181849608224,2.7587350951314957,-4.853641112552608
poke,-0.9177881832601483,-0.9671896983293341,-1.0288320673766542,-0.8892106201650073,-0.9450516344089582,2.12605376306954,0.8311475947267187,-4.748072203540102
slap,-0.7766554669749681,-0.9675691847342357,-1.0210953269733787,-0.9427230450540928,-0.9822783132670065,2.1060904379411123,1.4200404971337723,-4.690321337003683
paint,-0.6108851269429341,-0.925939787827682,-0.9146692574213567,-0.8188041072583344,-0.9919137857241694,1.9291184784369686,0.6380870627602124,-4.262212065174476
wrap,-0.9444196206389186,-1.0228306145467012,-0.9786705887684263,-0.9246610740955536,-1.0125889886389763,2.185461408737873,0.4846211284421908,-4.883170886688576
dot,-0.5065455450935665,-0.9159889564972418,-0.8394581919500008,-0.8474961139865613,-1.008078203714741,1.8801025349001768,0.481932102027734,-4.117567011242111
permeate,-0.7038819811994653,-2.7917865261667876,-0.766894843409242,-1.1170116063162239,-1.1282825389042548,3.376149577289604,3.4669680656103266,-6.507857495995974
register,-0.9727796070697207,-0.9853685821064792,-0.8439761825029557,-0.5517696756641804,-1.1836355459098868,2.0820639000015024,1.4831515179958414,-4.537529593253223
streak,-1.2334084788718445,-0.9992180098016629,-0.9407233736918168,-0.7642267621148858,-1.002094984744435,2.2344866244973627,1.5127590800600994,-4.939671609224645
toss,-0.9267772719736841,-0.9135205719406825,-0.9918076983109604,-0.9556644379326413,-0.999683899332878,2.142377388358363,0.5471208831941624,-4.787453879490846
darken,-0.9061192277807284,-1.0222613617817782,-0.9909111590308483,-0.8730630229399291,-0.9980485133696114,2.146232780688534,0.46484269318827387,-4.7904032849028955
fly,-0.7557976283215684,-0.9865715261330573,-0.9907511136921834,-0.918517562379561,-0.9884618090915369,2.08491545652756,0.48443821949505594,-4.640099639617907
survive,-0.9852916725193006,-0.9931664301487106,-0.9229873859640177,-0.8803708013079495,-0.9367876059988867,2.1122757204275278,2.2564128082376156,-4.718603895938865
demand,-0.9564665885910535,-0.9766158398997796,-0.9867733492404006,-0.4284836212517096,-0.959197054115973,1.9864505226435962,0.8079325529584233,-4.307536453098916
sound,-0.4431305484223458,-1.030127279829786,-0.9379277638353564,-0.9449812777426765,-1.0807907109158426,2.04898354357812,1.247780966501626,-4.436957580746007
spill,-0.8321133189363927,-1.0175317407501336,-0.6824981006562492,-0.981405099385761,-1.0774712273730365,2.0779045433565653,1.00266125876521,-4.591019487101573
shut,-0.8901198427697347,-1.0509596498888323,-1.1628486134161646,-0.9356389505957226,-1.0199140539895597,2.2725957276445046,0.8976929139263228,-5.059481110660014
blur,-0.6727098447255119,-0.9071537874755271,-0.9649427664167302,-0.5362856735341777,-0.9955927926603244,1.8669194959121773,4.3135957724118725,-4.076684864812272
remember,-0.8607917767319366,-0.9936678530574491,-0.9738041609402387,-0.8258765543449227,-0.9399948625064899,2.059683289612479,0.6442438281821973,-4.594135207581037
dominate,-0.2035666927597639,-0.8945671064932639,-0.9954993581038607,-0.7691162542528515,-0.9576494665965761,1.827933530474979,1.2280479999506433,-3.820398878206316
knock,-0.8840307116891785,-0.9908469675296244,-1.741098556374216,-0.6966258908544005,-0.7083508396519949,2.404529213614399,0.9428248824624137,-5.020952966099415
echo,-0.7886231876420358,-1.0665140160516233,-0.8630352822824034,-0.5974258496395187,-0.678080076614243,1.8223388304879513,0.895999344031182,-3.993678412229824
crack,-0.7266521229441871,-1.0249872825792026,-0.9938567782356408,-0.9344277675962126,-0.9417290888921421,2.07999578427308,0.5536273720626848,-4.621653040247385
rock,-0.7232122884317296,-1.6210211137076507,-0.991164918177563,-0.6519790984492134,-1.0079499487421553,2.3609729359386034,0.925928304402527,-4.995327367508312
narrow,-0.8073641101492663,-0.8619951615102381,-1.00533474141709,-0.9810954097236811,-0.9991705454602837,2.0896077117537213,0.6249158296882813,-4.65495996826056
scrap,-0.45251014709273707,-1.008190035912292,-1.0151917761202187,-0.7387322220790558,-1.0144440632338803,1.9561822454477924,1.7522165207352356,-4.229068244438183
study,0.2618559687481168,-0.9703129272838444,-1.0609103737573067,-0.7979252907485227,-1.0228356656971136,1.9540941929720783,0.5913081237346386,-3.5901282887386707
lock,-0.8776178359781124,-0.6981516470005984,-1.0585419922821795,-0.9790900820763081,-0.7892842376774013,1.9899062626986899,0.5333508390691799,-4.4026857950146
claim,-0.8385004181310898,-0.942733341928189,-0.8935576406849349,-0.20903160085839434,-0.5948947109246351,1.6696910761152972,0.7570470329392913,-3.4787177125272435
soak,-0.9464722265267036,-1.0473244382878009,-0.9428605408547894,-0.9521404725595058,-1.015041422292792,2.1951229401968066,0.5819957077263719,-4.9038391005215916
jerk,-0.9467575427309507,-0.9899276346462099,-1.010084380783146,-0.766034086344914,-0.9154536309775166,2.0788074934366736,0.2616765008499888,-4.628257275482738
seize,-0.888440890317338,-0.9731807760153024,-0.919550262260146,-0.943810377189102,-1.0821504855001949,2.1549497498954486,1.3202574609975601,-4.807132791282084
curl,-0.8526645522183142,-0.7859371876537404,-0.9799169950418591,-0.9677994649149165,-1.03737137309325,2.0779188118696,0.484299834087241,-4.62368957292208
coat,-0.7651948462176844,-0.8535684092492553,-1.0293773675246878,-0.9819212887856201,-1.0382604011251257,2.1013981118848912,0.998786435643159,-4.668322312902373
express,-0.9824543169766012,-0.9730604412300713,-1.3228324021590725,-0.6686513805581371,-0.8953512064647631,2.2160092786527255,1.9320250615652408,-4.842349747388645
slip,-0.9205904689439735,-0.9760935161337436,-0.9961572078475852,-0.6302531632974899,-0.8848937719999952,1.9931960726597846,0.6973238561819727,-4.4079881282227875
drown,-0.9370206006283097,-0.4307063969147088,-0.9362591626095976,-0.6289327472802224,-1.0032795615307644,1.8281748015718642,2.7973461981704455,-3.936198468963603
accept,-0.9245616103472093,-1.0006925639262836,-0.7952445043218037,-0.7603925236452558,-1.039205087774473,2.0363589086777325,2.3267341015341074,-4.520096290015025
extend,-0.9687903296881648,-0.9245242597561159,-0.9488937526970034,-0.8510915737573208,-0.8175621654774365,2.0215004143020026,0.7834247114485591,-4.510862081376041
learn,-0.8756999219479783,-0.997941681094454,-1.0595465585816612,-0.8137856067507605,-1.3938895839858114,2.343192703997348,1.6864324883850108,-5.1408633523606655
weigh,-0.9685193102564653,-1.0039479718043913,-0.9760110082109599,-0.30565168509900165,-1.005931820535031,2.0009648804383264,1.061182498809765,-4.260061795905849
last,-0.9866787205701895,-1.0029868017406882,-0.9486316729566706,-0.8845242823923853,-1.0101501325954505,2.1638405601044135,0.1889361600653777,-4.832971610255385
complete,-0.5086079026235,-1.129712618720987,-0.9305325515057838,-0.7997122663617071,-0.8849620922374848,1.9553825821529387,1.2324842325790781,-4.253527431449463
fold,-0.9710727867834231,-0.8208214919022832,-0.9623050876231319,-0.9078530788525448,-0.9855446133360882,2.0828482321386748,0.46820431862041884,-4.647597058497471
help,-0.7347411142108874,-0.6411860702356973,-0.9969177651850972,-0.6250345280229948,-0.9478929727240337,1.7983265446181722,1.0640858370567228,-3.9457724503787106
rise,-0.5536558363774832,-1.2396362091168498,-0.9747203513597823,-0.8909123560133947,-1.0104420190465748,2.1466323344754774,1.0422435477698877,-4.669366771914085
bow,-0.9430794525991191,-0.9488778089965267,-0.9980443485308446,-0.877532943361035,-1.00635451147246,2.137445658116228,0.6162789058056225,-4.773889064959985
add,-0.8620882793648625,-0.7835319898011093,-0.6489507940294067,-0.9344614497654267,-1.0786993430609098,1.9532194416780448,1.8065745457437805,-4.307731856021715
ride,-0.8483592412649972,-0.6928086015840637,-1.1386899167158708,-0.6441183250142897,-1.0166121300810007,1.986127016770586,0.6592647207441935,-4.340588214660222
perform,-0.9535032741651558,-1.0356677869200999,-0.29485940221676277,-0.9148762915200372,-0.9275237378069346,1.9406228996804298,1.0366511919490358,-4.12643049262899
waste,-0.9843372947561917,-1.0222605529799633,-0.9963769599049804,-0.8689417200131659,-1.01200907761959,2.1876758626954365,0.6014433286915352,-4.883925605273892
lack,-0.91838154845337,-0.9916762484814787,-0.8304734035838067,-0.2799774673967911,-1.0316783076163478,1.9129244723872487,0.7304351432221768,-4.052186975531795
shatter,-0.8338057322443366,-0.9928891516547056,-0.5343275728506736,-0.8004697056543417,-0.8932709025644197,1.8453323485877031,1.3920265472086801,-4.054763064968477
deliver,-0.8791144434496827,-0.9601927121485283,-0.9470752625131333,-0.7464965007431417,-0.7470287089720355,1.9253759943604507,0.6615236325006325,-4.279907627826521
possess,-0.889500144542568,-0.9760833479048096,-0.8631113780674546,-0.8931893200774207,-0.15348248295139577,1.8194104798590949,1.333469339013116,-3.7753666735436484
affect,-0.9519932168901092,-1.107885383494538,-0.9743281875574913,-0.9378872696351466,-0.9935237305636369,2.2248007683321758,0.972741371585821,-4.965617788140921
seem,-0.8011304662624716,-1.0002759877242768,-0.5599424755747067,-0.6369565330625911,-1.0052863117712327,1.8363583106763663,1.4175717331878421,-4.003591774395279
obscure,0.1275837225129428,-1.0067182766938514,-0.9830827567918267,-0.45391183013255665,-0.97333880681102,1.774721213024655,2.8710926905692693,-3.289467947916312
confirm,-0.9956505204791852,-1.0141603364270821,-0.9693644222778904,-0.7587317293436066,-0.9510994379764398,2.10707676844541,0.9906232114882164,-4.689006446504204
assume,-0.9680100203493646,-0.9817066061412126,-0.9249391211031681,-0.5176637842039066,-0.8211947631005743,1.9231849287588787,0.8617097236926288,-4.213514294898226
destroy,-0.9089934856075911,-0.9896492117726917,-0.9667565482845721,-0.602959758188575,-0.9554826503882661,2.004195725990418,0.46575343888535836,-4.423841654241696
slam,-0.9749797154268591,-1.0223732267046413,-1.027557128961328,-0.8641279710748863,-0.8339313329119951,2.1198737537556154,0.17797643129019805,-4.7229693750797095
rattle,-0.949990298059264,-1.0225816791984927,-0.99132075691441,-0.9248068126931106,-0.9554295338057834,2.167714218941331,1.4819533106878193,-4.844129080671061
race,-0.7063038566299487,-0.9332238413091021,-0.4088475388697487,-0.46006973960491515,-0.9996090681586004,1.6576521469726226,0.20116209977058258,-3.5080540445723147
handle,-0.9458025057537253,-0.9796769543680516,-1.0324316552345776,-0.9197083456062759,-1.0561645548507137,2.209427854771713,1.13806340780822,-4.933784015813345
flow,-0.7709512703615073,-0.7907113254426588,-0.9277437863712017,-0.6552117210547155,-1.018193257791831,1.8831672002841133,3.0816610932328268,-4.162811361021914
pat,-0.9285822225887835,-0.9762016393884138,-0.9995435015847297,-0.9672604883217728,-0.9008692956202053,2.135762190992371,0.42394537108338104,-4.772457147503905
rule,-0.8269500813375876,-1.0043543644350637,-0.9709948491283138,-0.8562009538932946,-0.9796964649486667,2.0804543639066977,0.43072250080778723,-4.638196713742927
shed,-0.9347641347149934,-0.46197827981404727,-0.8582156981855581,-0.9605992067570643,-0.9321785438457206,1.901433610939433,0.4092805577386265,-4.147735863317384
increase,-0.9926051959833901,-1.0023381768076125,-0.8876922848063259,-0.23963625205002992,-0.962399599688629,1.9394800878228493,1.5039265903569181,-4.084671509335988
drag,-0.9042456630091263,-0.6314476512964449,-1.1270838812559005,-0.8093898630867009,-1.00159310946949,2.035928569029313,1.2004775243287402,-4.473760168117662
die,-1.042422200976308,-0.9162856481478495,-0.9829375544283785,-0.9950284922228632,-0.9329290653132118,2.1800981655047424,0.5711979537378227,-4.869602961088612
scratch,-1.034027889951376,-0.9655985343788679,-1.0061280539358135,-0.8900543542471796,-1.2218625551339457,2.3019627983226396,0.6972906529971007,-5.117671387647183
clench,-0.8581613456951502,-1.0035237756905606,-0.9104194626271099,-0.8526665689360923,-1.0325902976511583,2.0894131860731475,0.794522492983882,-4.657361450600071
display,-0.9440476413872961,-0.9835875901439121,-0.95439369178194,-0.7990113071089985,-0.9920850603231369,2.0957551506346292,0.349691641914675,-4.673125290745284
track,-0.9062150998684314,-0.9845193196954567,-0.8164674301465176,-0.6848537943413272,-1.0506766455278957,2.0075032492264313,2.202493593919984,-4.442732289579629
develop,-0.9398657421254025,-1.0131661434613493,-0.9590642635039343,-0.741150142643149,-1.0078231101398134,2.0963464561659335,0.4636865557699742,-4.6610694018736485
end,-0.9071599841877027,-1.0367891889590313,-0.8238433671620383,-0.833056489123964,-0.944514058509704,2.0402644126839693,0.6932981521365909,-4.545363087942441
flick,-0.9028942462966563,-0.9429969897301229,-0.9715536955843365,-0.9794729865347043,-0.9930151445765292,2.1433208660274876,0.5400651055758814,-4.789933062722349
sear,-0.09947967333992402,-0.9874118763276498,-0.9225021513389964,-0.7354677274810655,-0.9659965869835758,1.8193270245824043,1.2137317061431372,-3.710858015471212
indicate,-0.9430065174039242,-1.0118575755175925,-0.8624495487199787,-0.7562347880569913,-1.035513614344421,2.0739131537376783,1.040108311066768,-4.609062044042908
rip,-0.7498605591378682,-0.9843885188311329,-0.9025482301879314,-0.9330404960048957,-0.93561833351212,2.0228324585000936,0.6851791713382193,-4.505456137673948
crowd,-0.8971140818594856,-0.9373250128673368,-1.0020516093002378,-0.48431010808794983,-0.9303772486656842,1.946190481157851,0.7003401366236993,-4.251178060780695
adorn,-0.8758944711891071,-0.9800093929030446,-1.012385232003852,-0.8743139380422067,-0.8534421298544852,2.0604178518161707,2.0952448403371955,-4.596045163992695
mar,-1.9559078632538702,-0.5016214634844399,-1.1500746684835113,-0.5365369998238404,-0.9975082498566017,2.585104652807309,2.373216412051024,-5.141649244902264
look,-0.9235288107411915,-1.2035533642941956,-0.9719302476548463,-0.8487597232472384,-2.6777754984386437,3.337209801484525,0.9071905454818726,-6.625547644376116
suck,-0.8162921239558675,-0.9742300758763965,-0.9124399861905936,-0.9425281874106864,-0.8946318626287368,2.0338951188466523,0.2936087727807205,-4.540122236062281
order,-0.9051426742215578,-0.8051081055681977,-0.9626990058053192,-0.8310470450873817,-0.6822034277974565,1.88422727030849,0.8990473849827622,-4.1862002584799125
represent,-0.8958417396987312,-0.9878106396616783,-0.9667216589834131,-0.6414265105136494,-1.014919413829643,2.038220408425185,2.4037151452195977,-4.506719962687114
clap,-0.9519900758718961,-0.9302976624905298,-0.9986554918491017,-0.96697765136372,-1.2216706177776795,2.279600077507563,0.4230098488533128,-5.069591499352927
bite,-0.8512908880449548,-0.9654114171136322,-0.9940106662646819,-0.9711296996260184,-1.061224926569498,2.171189495018303,0.5970505322974854,-4.843067597618785
resemble,-0.6847336987865339,-0.5888285649703457,-0.8358642686882324,-0.765591078663868,-0.8582571698014201,1.6843347238877096,2.3746458077514463,-3.7332747809104
rack,-1.3468739504297957,-2.050310762103644,-0.9915348879065257,-0.845260286053713,-1.1188777132776495,2.994551282233988,1.2068150082883977,-6.352857599771328
acknowledge,-0.9747058127922341,-0.9954447684845705,-0.032758953689895454,-0.7956859430929598,-1.2196531212978912,2.015615219720408,1.2654821943161425,-4.018248599357551
earn,-0.9790547012290607,-1.0923193684433339,-0.8502849620172818,-0.49452925860831587,-0.5751736154300049,1.857438586552571,1.427062766237487,-3.991361905727997
smooth,-0.9566789412939026,-0.9888260968765056,-0.9983460172324262,-0.8021513159317135,-0.844413836296041,2.0606280298205863,1.0048892277629458,-4.5904162076305886
part,-0.8925101934453098,-0.9837153525694935,-0.9711816648888576,-0.9265802911532448,-0.7336542693184985,2.025898267274024,1.07546517572616,-4.507641771375405
attend,-0.8320760343607989,-0.9787048525315961,-1.1079023112333786,-0.8184137972028225,-0.9874765748740805,2.1266340484295214,1.3890015628574823,-4.7245735702026765
exit,-0.941092093861064,-0.7028697370507412,-0.9600473406010586,-0.9268481799073389,-0.9104686392847595,1.9973411787432145,1.6430868850509008,-4.4413259907049625
tip,-0.927471097951432,-0.9684755179787394,-1.0030339726391113,-0.9078982723674078,-0.9260248621454918,2.1180240638403807,0.3341637115572588,-4.732903723082183
report,-0.9449825205850193,-1.0080658068469714,-0.8295618554469978,-0.7642184490048396,-0.9868306565447141,2.0384371684341294,2.4321662326615954,-4.5336592884285425
rest,-0.965362134328583,-1.0328123336832205,-1.0062869722402488,-0.9528864416433117,-0.9444287859061773,2.1934395683081704,0.7160668355665729,-4.901776667801541
assault,-0.8231497913939068,-0.9003449913371797,-0.9623667322203571,-0.8384447437599265,-1.0365751564154073,2.0473944546712395,1.1365644338751726,-4.560881415126778
dig,-1.0260301551696316,-0.9868917686466608,-0.9995131787693352,-0.8506643404038431,-0.6012575365498498,2.027525655119124,0.4424740688149755,-4.46435697953932
purse,-0.8900323320414417,-0.972591904552616,-1.007181331390296,-1.0006775933716099,-1.034356083204388,2.196304840389754,0.4046784585691518,-4.9048392445603515
owe,-0.9716269960019643,-0.9494634272839018,-0.7696082561760325,-0.626634339570606,-1.0337373243808636,1.9746189856352045,3.161768619368402,-4.351070343413368
believe,-0.988314987043866,-0.9769408168360495,0.4354433688381454,-0.7778741464238759,-1.000196330524343,1.9303553268634126,2.4992434296583217,-3.3078829119899886
utter,-1.0225211574693027,-0.9962640695462562,-0.8817703500268561,-0.9797723556680313,-0.9597324231225709,2.167175755874848,0.6218801166094089,-4.8400603558330175
fall,-0.9477494283566046,-0.9783421098753204,-0.8456770488686622,-0.9073200111819391,-1.0599475799271232,2.1253871197439147,2.5082342295426088,-4.73903617820965
bar,-0.9691788329788855,-1.0084036346449068,-0.9570840081043188,-0.8080841304665154,-0.9860890437326935,2.1207467701990925,0.2652507259309986,-4.72883964992732
grace,-0.8499039756186966,-0.9818477968264422,-1.013109359563804,-0.933024080084289,-0.7847112916593251,2.0491603606394415,1.4683924315136256,-4.562596503752557
cradle,-0.708752453440078,-0.8736843892489401,-0.9945037731784152,-0.9635324086295278,-0.8664760171832675,1.9833979928329881,1.4372749318805973,-4.406949041680228
repeat,-0.9729950053395396,-0.9114146806518505,-1.0106839785222355,-0.9710483749648546,-0.9816135228528782,2.169188364281549,1.0424656736457247,-4.847755562331358
crush,-0.9722432024958277,-0.9569540327778945,-0.9823250496457926,-0.3611680832605967,-0.5175703978681792,1.7956341136006484,0.9384567127983726,-3.7902607660482905
attack,-0.7361261373280394,-0.9020741899795378,-0.7162129185197316,-0.5633356871799522,-0.8773280715914801,1.719195195605265,1.2122703241841675,-3.7950770045987414
solve,-0.9929168979839117,-1.010004471400555,-0.9814536614578661,-0.963078570681117,-0.9934186619676293,2.2098971151143885,0.24116365324852124,-4.940872263491078
discover,-0.9080416034814706,-0.4663837237656403,-1.0006534780820975,-0.8642107706918227,-1.0738458636762234,1.985791003544631,0.7893133846123246,-4.313135439697254
rent,-0.775607734615727,-1.195418056173948,-1.074568609479658,-0.9423758250208273,-1.5417645546698386,2.539763674266064,1.6686689427344303,-5.529734779959999
melt,-0.7180017909370904,-0.8876414467686825,-1.0856731951085004,-0.6808787740366934,-0.9413813366736723,1.9575277577492458,1.2522570557854948,-4.313576543524639
massage,-1.026848440012842,-0.7037254246274354,-0.7007160813337976,-0.9933885352257208,-0.902989307656848,1.960321578293766,2.0815525625618014,-4.327667788856644
involve,-0.8068400432541134,-1.2523901001936655,-0.9392836178701611,-0.8561913859835707,-1.0671462639991058,2.2301547864353215,0.9709887939414842,-4.921851411300617
ease,-0.9712424167092095,-0.93502133139714,-0.9845517019425345,-0.8795521408391485,-0.9957784065571585,2.1335663522377293,0.7935710591251182,-4.766145997445191
flee,-0.376597186123795,-1.1885365834588733,-0.9456657834466278,-0.9215200692818041,-0.9200811849102035,2.0357988726082645,0.7455008820412639,-4.352400807221303
soften,-0.7993764965257275,-1.1896305078024096,-1.048884019567999,-0.802793750644341,-0.9746662516289895,2.1791818012582613,1.8801861315561106,-4.815351026169466
regain,-0.8725879930029201,-1.0106250116986206,-0.7664712644101848,-0.9033074102050267,-0.7277871749883134,1.9276642260463908,0.6450153917889337,-4.2807788543050656
mention,-0.8028749072954408,-0.9844055521069235,-0.745866410660833,-0.9277461151159447,-1.0209613121786094,2.0181808554769987,2.3241237677485302,-4.481854297357751
smell,-0.9335003449352554,-0.9946320830604772,-0.93352326595309,-0.9652354674135508,-0.5985488804074574,2.005522832708036,0.689068631201773,-4.425440041769831
trigger,-0.989250897711018,-1.0060622613837455,-0.9270175894594256,-0.682763438665098,-0.9518803194182872,2.054843614303396,0.43492382644195515,-4.556974506637574
treat,-0.450948172252845,-0.46353475168910097,-0.7025158152419944,-0.7190217882142954,-0.4336295257728403,1.27152431683222,2.8588081174826474,-2.769650053171076
recognize,-0.9230930346565492,-0.9834275535866049,-0.7768218836414726,-0.8057003926573184,-0.23609615792913252,1.7684957622810726,1.1002623545319314,-3.725139022471078
flutter,-0.9433600267675276,-1.039041998802469,-0.9879061224600898,-0.9430329588365467,-0.993795010574791,2.1960042364867496,1.3794288506714156,-4.907136117441424
prepare,-0.9134005620576948,-0.9438055275313358,-0.9943804226106971,-0.8141945359568281,-1.067464529593061,2.1251482653590865,2.000195823255965,-4.733245577749617
shrug,-0.9345271623933388,-0.9987010991917973,-0.9961155018341934,-0.9566274697890526,-0.9614217639882753,2.168515372322172,0.5744046895667768,-4.847392997196657
loosen,-0.9804219582515934,-0.9977873843264089,-1.0592627552257166,-0.8185714390427328,-1.0098463040821246,2.1837337804402854,1.1107365294999132,-4.865889840928577
think,-0.8710644440197276,-0.9505683981470537,-1.000398202731198,-0.6505165341630191,-1.0582814313027027,2.0509172236535114,1.396802114646222,-4.530829010363702
question,-1.0935818980211442,-0.8049169034330875,-0.29877089430540593,-0.5241436446282763,-0.5782740810499571,1.5944290857276395,3.8918948096607333,-3.2996874214378717
undergo,-1.040517305629922,-0.9992595032966158,-0.8760000580344175,-0.8052326131104263,-1.0574837832210913,2.1483117634348354,0.5328012689843271,-4.778493263292473
sign,-0.8598480576694114,-0.9885416051250975,-1.0627666276203989,-0.732645965631974,-1.0202089084525747,2.103240932458191,0.5984417773894282,-4.664011164499456
scar,-0.9768661228996,-1.2079926110384376,-3.397828809845193,-1.0032846278500513,-1.0000016667812806,3.9956648469875344,3.5914229693279016,-7.585973838414562
breathe,-0.9836128562626846,-0.9562339604553699,-1.05821451169985,-0.845266546572077,-1.0025197055114448,2.172836138690212,0.30694342640753397,-4.845847580501426
conjure,-0.8959854400180277,-1.0297099185560505,-0.6706045783708965,-0.8685025929202381,-0.8498283930397652,1.946614491149889,1.9734559738512876,-4.314630922904978
heat,-0.6060276742409221,-1.021847431673332,-0.9712249835267783,-1.0217760860110627,-1.0298066533614456,2.1116931115674515,0.44398844133247606,-4.65068282881354
brighten,-0.7055390046295726,-1.9358520354098327,-0.9920076859115452,-0.8324732530650112,-1.0048308155993324,2.6328851710639265,2.1215265354244606,-5.470702794615294
rear,-1.0286644248799381,-0.9665432099505273,-0.9951632466701903,-0.7928778952315594,-0.9983954398965941,2.1466613553123226,0.4828793057334988,-4.781644216628809
near,-0.983725928631658,-1.61925772961838,-0.9989168170478208,-1.05513322566261,-0.9587841549785578,2.572959440937064,1.1956625517091959,-5.615817855939026
sit,-0.8807485587864811,-0.585982980502342,-0.8197928446696601,-0.8306360343365208,-0.8900302170220336,1.809216513899051,1.2297573148740841,-4.007190635317038
suggest,-0.9385703298771902,-1.012579330786485,-1.0066160551116305,-0.6702447310745371,-0.9557025810632414,2.0693241579449086,1.6508009384366014,-4.583713027913085
issue,-0.8063168043740595,-1.005651768299797,-0.4823693821979619,-0.9491812019400865,-0.7861256069815802,1.8474579597520298,1.5559932347663799,-4.029644763793485
swallow,-0.7052425424290891,-0.9274793610135369,-0.29536057685726724,-0.7313639474615783,-0.9230527141485736,1.682778183796965,1.9016145452272089,-3.582499141910045
present,-0.7693196316645361,-0.9881907063797088,-0.6234449547985144,-0.8819729533304628,-1.0190600140816999,1.9425284508109684,4.09104943295927,-4.281988260254922
ruin,-0.8077560401344483,-1.028782572541082,-0.9176615945177288,-0.7993972789953734,-1.05085163712612,2.0727497140047095,1.29629005096914,-4.604449123314753
unlock,-0.9792520154445655,-0.8962241017658105,-0.9888638965786718,-0.8675268294532004,-1.1538396555790678,2.1963498598590516,0.8818864395344475,-4.885706498821316
allow,-0.7222312457997635,-0.8156081912431714,-0.9245139485628443,-0.8258936985747857,-0.896337282832339,1.8780526246781524,1.4758031135428638,-4.184584367012904
wrack,-1.0376092388079732,-0.32840522774249115,-1.0143718080667867,-0.8830237357148011,-1.0949748889766946,2.0474701503060277,2.3782646534195373,-4.3583848993087475
slice,-0.8856485864594089,-0.6997643945795913,-0.9650378329418586,-0.8948322090332348,-1.2498297491944657,2.1373209234747153,2.1743013928882644,-4.695112772208559
clamp,-0.8634043967609675,-0.930081236060255,-1.008719073611897,-0.9804145815714076,-1.018694352675038,2.151042389962559,0.5189556771333411,-4.801313640679565
describe,-0.6518437605867977,-0.8989871085384772,-0.9348138377139757,-0.7938636137425575,-1.0513779384276118,1.9602474403382164,0.4506924938547129,-4.33088625900942
fan,-0.293735844811261,-0.9783416059610881,-0.7276174340639913,-0.7955038013900373,-0.9917277673793454,1.7858360611916744,2.843970582271725,-3.7869264536057234
color,-0.8948130188244505,-1.1817279379389258,-0.9986755145698473,-0.8955574104062912,-0.9822376107030116,2.227406078957684,0.8452324367019716,-4.953011492442527
lend,-0.8970866825225146,-0.9462833996039668,-0.88568332628069,-0.9204618166106355,-1.0958273899196094,2.1290231015921584,1.4795564615885568,-4.7453426149374165
chase,-0.40894724968190554,0.04779452483027935,-0.9234073452106554,-0.8876536572679934,-1.06626589449549,1.7166989450222916,2.5676371905471314,-3.238479621825765
abandon,-0.8294672262692661,-1.0480670354801713,-1.017625112777636,-0.5955014625179991,-0.7987212434261758,1.9530998123577947,1.2032699380385499,-4.289382080471248
forget,-0.8710605643277551,-0.9859838028456562,-0.44290360222890834,-0.9613134175349161,-0.9052512057871958,1.9159011977083118,1.7928197711350407,-4.166512592724431
radiate,-0.9631574787774343,-1.0006971848220632,-0.8338560054776782,-0.3179344610654047,-0.3631225010535575,1.6903618827964726,0.7511271410035784,-3.478767631196138
convey,-0.9608884385968544,-0.9937232652190641,-0.4819444515706437,-1.024411852086663,-0.8199674893550977,1.9659169107470937,1.447588086060876,-4.280935496828323
overlook,-0.862240009857449,-1.0181693599916473,-0.9838668773451958,0.4885487601133316,-0.7726393012210481,1.8930853370520264,2.516602135885346,-3.1483667883020083
control,-0.917126065087882,-0.9339846891617448,-0.9707389313879886,-0.8657396094684691,-1.0056351869663924,2.1015681983775796,0.8120023233426812,-4.693224482072477
thrust,-0.7699058158952216,-1.016944935903524,-0.9740762361641295,-0.7748906871315858,-0.8316786847519904,1.9666981195757645,1.2411874015228286,-4.367496359846452
scream,-0.9089642708615556,-0.9976520472985001,-1.0256466907459796,-0.5839555542130885,-0.93816324797831,2.0235194974532553,0.790517625806715,-4.454381811097434
lace,-0.8983370803457797,-0.9918777151093593,-0.9788827984297191,-0.9692660701860513,-1.006345088813841,2.1682365178434733,0.2838913677806108,-4.844708752884751
separate,-0.6637947735100986,-1.1773794057000957,-1.0005158327530588,-0.8749275567324295,-0.8236215544485561,2.0668160035130403,4.384350168460823,-4.540239123144239
greet,-0.753935662463266,-0.9851657804188356,-0.9059983907552485,-0.9424904119575583,-0.9622837912651956,2.0430570118469342,1.8305737314747004,-4.549874036860104
ignore,-0.8595036679584971,-0.9784967333861257,-0.8524924894965117,-0.8061146327030584,-1.0048859227455471,2.0205351706712618,1.0991410468732539,-4.50149344628974
pop,-0.9119508723680781,-0.9798362357826932,-1.1829982057629285,-0.8891186887430783,-0.9847499406403329,2.2251927300050562,2.5721022997480243,-4.948653943297111
widen,-0.6626874717444042,-1.0484001813371426,-0.9518361101469028,-0.9384223424840155,-0.9538961606121106,2.057873656014393,0.6953644414361357,-4.5552422663245755
examine,-0.3404505207236159,-1.102243630212865,-0.9922551330916756,-0.9451347934099458,-1.0967117638252184,2.100350993805387,1.3967862277845384,-4.47679584126332
pack,-0.9832191916949091,-1.0030081193714218,-1.0271799472620264,-0.8056622243484465,-0.9582561343763516,2.143639510111577,0.8640060832308283,-4.7773256170531555
launch,-0.9664958112796355,-0.9788892713699751,-0.502868979269778,-0.9804755427714061,-1.0852809867615112,2.0698750395458836,1.0848203453113499,-4.5140105914523065
afford,-0.898074237640084,-0.9906695007615541,-0.6989112225006626,-0.321544299700952,-0.9096998248745387,1.7909173071463342,8.913113481053058,-3.818899085477791
spit,-0.9743560318528423,-1.0161745195579723,-1.1844795199343339,-0.6522758849315868,-0.3645060675841938,1.985774551030338,1.2300792733799133,-4.191792023860929
patrol,-1.039047840987065,-0.8977914393921134,-0.7817357753735635,-0.9787513330133956,-2.249763942391815,2.9182447935987845,1.5950704938648965,-5.947090331157952
whisper,-0.8403767795648791,-0.9603348343314311,-0.8926669479614979,-0.4223007128286952,-0.9962046169141113,1.8963364512822416,0.8236870556464853,-4.111883891600614
bark,-1.0288220782963757,-0.9730902102305314,-1.125345501164426,-0.7208431469115448,-0.9396123846709437,2.1620055964090246,0.985918339707782,-4.787713321273821
visit,-0.8945881177531609,-0.678245134663529,-1.057960428148742,-0.9454255147561277,-1.0932630453029684,2.1139153532782644,2.6262625528581203,-4.669482240624529
cool,1.420865928670353,-0.6501153852730198,-1.0955300065546958,-0.848093983748481,-1.0699204778204106,2.346420514489359,4.4827764498340485,-2.242793924726254
smile,-0.8965753845481005,-0.9973192805430591,-0.8630854749029742,-1.0038941350376325,-1.0656028097627812,2.164883943089394,0.9579006246305313,-4.826477084794547
overcome,0.45886949010338096,-0.8878178432905413,-0.999043148632748,-0.8895671796686704,-0.6755965118127994,1.80128547392137,4.514860256755979,-2.993155193301378
incline,-0.9571398747861865,-0.9438405827885229,-0.9941158505611718,-0.8644953077130024,-1.0010447759617833,2.1318210268452256,0.8395918649343425,-4.7606363918106664
decorate,-0.9159462045895387,-0.8580828741677519,-1.0052815008619815,-0.9648814623193469,-0.9802151546257841,2.116051169112614,1.148826238293889,-4.724407196564403
protect,-0.441061703717317,-1.0928927659642453,-0.7062242399542649,-0.7397749573433848,-0.871517324516099,1.7873198191499153,1.3784256311151213,-3.8514709914953107
haunt,-0.9063598552979024,-0.9910377678292666,-0.6318777233376608,-1.0653688876019243,-1.1413169646454648,2.154188659859608,2.9058920521881224,-4.735961198712219
wag,-0.9936595187751923,-0.9777508707782165,-0.07691041877266924,-0.7878434046353917,-0.9349536810751672,1.8558304968556223,0.8893006301859613,-3.771117894036637
spin,-0.9282895459764982,-0.914607379122517,-0.547809933250196,-0.7913980188311025,-0.9681665737027867,1.8873211705291137,1.3376506374643442,-4.1502714508831
detect,-1.0073605818820033,-1.1235694530536124,-0.8593868120407346,-0.18269246657100136,-1.8398896175214356,2.536592141531498,1.5677294581621872,-5.012898931068787
resume,-0.9835926382948753,-0.9872798748246335,-1.0198665548625132,-0.8417068063717716,-0.7408338206204821,2.059031062596302,2.3238095827683307,-4.573279694974276
expect,-0.5844535819879018,-0.8971735553144498,0.12639813801332944,-0.8882289201959195,-0.3437765821680827,1.4386159391119206,2.8711846042615328,-2.5872345016530245
glance,-0.968198787769323,-1.0224940114481205,-1.0177070531671135,-0.907874454494398,-1.4223743126403363,2.4219858076656675,0.6916103522838026,-5.338648619519291
outweigh,-1.0794630378834895,-0.7618665862900045,-0.9216366438902032,-0.20955096624433622,-0.8181891507607237,1.8189118567702842,2.6455958700585,-3.790706385068757
soothe,-0.7201152378720963,-0.7947332787872432,-0.857059308956487,-0.8253208371285304,-0.9627202158155191,1.8688772826044242,0.7252467329035275,-4.159948878559876
suffuse,0.10280149267827965,-0.45306459726647197,-0.9526552366496613,-0.9307739506939902,-0.9636142686652999,1.7082974805855666,1.1805849032017717,-3.1973065605971436
risk,-0.9827094696542831,-1.045682465169195,-0.999678143301563,-0.9218915011530957,-0.9288725263150567,2.1843109256574738,0.5828199763867008,-4.878834105593193
heal,-1.0449203749767908,-0.964440665239728,-0.9603709230567788,-0.8065405989011356,-1.0072911696314526,2.1469652849442906,0.45872431054071683,-4.783563731805885
yield,-0.7922654698164269,-0.7706437841021854,-0.9000605508313241,-0.879291462796093,-0.9801452459826687,1.9404957076917448,1.9745409522238127,-4.322406513528698
pump,-0.9599756720824323,-0.8985904410151264,1.3532234385014124,-0.8921106525528004,-0.3575682015859881,2.117533513634928,0.9415982317729414,-1.7550215287349347
prove,-0.9265622164923082,-1.007388950631618,-0.7081048956081722,-0.6074557990492861,-0.9717319444244601,1.9204239380104646,2.3061242575459215,-4.221243806205845
feed,-0.791121477915663,-0.9092569369480077,-0.12803975700606007,-0.7264979988859745,-0.9362759573523669,1.6951187451866385,0.7086364953361558,-3.491192128108072
bead,1.1906366096502459,-0.8241644608085277,-0.3124216817794744,-0.0002019854528900744,-1.0060365969584977,1.790692485370706,23.855956815243285,-0.9521881153491439
sense,-0.9443488424816452,-1.0285413162004922,-0.9812362987193032,-0.7498886838442367,-1.0057893950119512,2.118127001534226,0.5033425927096475,-4.709804536257629
mirror,-0.9817514568192902,-1.0371863305978728,-1.4858979797096983,-0.5568771252352741,-0.7208532869929695,2.2532700254142006,1.870282736640649,-4.782566179355105
command,-0.7964287531107599,-0.9324779435125196,-0.7758187507793595,-0.9167225844776081,-0.9619461410920365,1.9675947965048364,2.9459669764849092,-4.383394172972284
punch,-0.9631499824060769,-0.9888188899989531,-0.9453091077602725,-0.9001282869020968,-0.872765394352353,2.0906889681400322,0.8987007800611356,-4.670171661419753
snake,-0.6216145641261327,-0.7511168748691337,-1.065956439853548,-0.6321961840918107,-0.9917846296106837,1.8628347013152815,1.1673891593594385,-4.062668692551308
wind,-0.8683736190013611,-0.9048131969637123,-1.0341794964782602,-0.9075274401337662,-0.9528749285982627,2.0913783920324254,1.8219882301972647,-4.667768681175362
tie,-0.8871672522778984,-0.4419858470119987,-0.804874398690949,-0.9273376356495459,-1.4843171147602767,2.1664238753770486,2.3903729573419326,-4.545682248390669
head,-0.9801578915454974,-0.9924721505989944,-0.9892913419540598,-0.8775803922399563,-1.0049774443322912,2.1689939672114056,1.0486448113951663,-4.844479220670799
maintain,-0.969547501725921,-0.8750690342439427,-0.5941054249458608,-0.7689436512450671,-0.7967387827015728,1.8124007435985516,1.902070940296414,-4.004404394862364
slow,-0.9540789240210841,-0.9823561023234877,-0.7378367906994557,-0.485746351661521,-0.810986085125287,1.8202585484382194,0.8446943604335512,-3.9710042538308357
shield,0.25242491811377676,-1.0361011474549673,-0.469755376542095,-0.873257809976971,-1.0078180032081208,1.7709235926794333,3.47271110732685,-3.134507419068377
dry,-0.6819981515923242,-0.720038212912406,-0.9884945347215413,-0.7639641072311673,-0.86807285167166,1.816009246934243,1.2571312756889235,-4.022567858129099
flank,-0.7631076324668924,-0.9574144459184262,-0.9040927347794939,-0.742060776630634,-0.5476375989267307,1.7795843585049491,0.4427772448005194,-3.9143131887221774
roar,-0.7769976080903025,-0.9955705304882437,-0.8936489014651969,-0.899313003908123,-1.0103234506578378,2.054996758438334,2.2596729954275516,-4.575853494609704
chop,-0.964999421513786,-0.8388686431688461,-1.153905082580515,-0.7657036913028792,-0.690755689428016,2.007452860958647,4.749439719701303,-4.414232527994042
crawl,0.03126989715559869,-0.9457795713395487,-1.0108155020539906,-0.9661461361833449,-0.9936494822771963,1.9590820384342638,0.3693966778887221,-3.885120794698482
feature,-0.10376105809575786,-0.9731543757532359,-0.9430113578838081,-0.24268426648320784,-0.859435648110109,1.6262200047237214,1.247070754452633,-3.1220467063261186
snatch,-0.904750567167695,-0.7914253379273558,-0.9891276252220212,-0.9432470906901527,-1.0178125014215724,2.0854156601086813,1.0689507982918223,-4.646363122428797
probe,-0.4685115663730529,-1.4885142864082552,-0.9919809283845503,-0.7642618202038987,-0.850543483895923,2.1741031205452686,2.291628146876916,-4.56381208526568
absorb,-0.903727349654712,-1.0512735265358086,-0.2269978651780329,-0.7067752083319786,-0.8372747136920408,1.7815687812164733,1.2504670698659541,-3.726048663392573
park,-0.9006322083268284,-0.977184469028244,-1.0002160683973742,-0.8837785380223131,-1.4521334369914873,2.3782800650393425,0.41574419342760194,-5.213944720766247
shove,-0.88744370456124,-0.8413963607386519,-0.9467013288004203,-0.8940229599569114,-1.1371391452382136,2.1175717364815103,1.3175210181512924,-4.706703499295437
descend,-0.9835081923266349,-1.2705292401738055,-0.8793592035870307,-0.9595210794160175,-1.000084045404656,2.2968792574186545,0.4362441307245805,-5.093001760908145
bath,-0.5054144491320681,-1.43884113888382,-0.8139288845197417,-0.9000932031719451,-1.0205013058516563,2.1999496601133353,4.648521101754971,-4.6787789815592316
devour,-0.12573028118610252,-0.9910464432252476,-0.7239676562806312,-0.33667212804908875,-0.5971087083638804,1.4113813286940224,1.314108313933162,-2.7745252171049506
obey,-0.8639433955321003,-1.0560128046834576,-0.6377588791501445,-0.7393299586158103,-0.9128725545969828,1.910037358513462,0.6816097261879125,-4.2099175925784955
exceed,-0.7066530259607253,-0.19381047321348988,-0.7049851838525982,-0.28645506255121833,-1.228310649713876,1.620101436065074,1.18896198992571,-3.1202143952919075
pose,-1.0015391325261194,-0.9944308445145865,-0.9615085820957963,-0.6103026217139902,-1.0030847847076614,2.072467241557757,2.13343945233086,-4.570865965558154
signal,-0.8387861295306773,-0.9806517324574714,-0.9824490937460647,-0.7858063644192373,-1.0459397166141995,2.08372928818024,0.8826463611094041,-4.63363303676765
threaten,-1.0327184375870293,-0.7023647862782382,-1.0408539484315487,-0.6353051699975016,-0.5655541000251132,1.8348473248153878,1.3778785079210913,-3.976796442319431
bind,-0.8795235454082725,-0.4856135047402331,-0.7318834559854026,-0.9590393511902712,-0.9767007917387791,1.8489825444750365,2.848064883567724,-4.032760649062959
clean,-0.9330312477933894,-0.6184803629901476,-1.061099358177301,-0.9594917883981813,-0.4640220806490646,1.8748168177240734,1.0227683191261259,-4.036124838008083
sink,-0.8437260398893949,-1.0056851303835532,-1.3584525097858726,-0.6320423891701584,-0.9546392202782411,2.208955195518219,0.4769097324547606,-4.79454528950722
rustle,-1.3334271931767847,-1.425696097806588,0.7097822676986045,-0.7796435833507673,-1.0118870987166262,2.43848065974549,23.136452491296605,-3.8408717053521615
collect,-0.9231279976883735,-0.6973680753486017,-1.0050507236197774,-0.7573871117894628,-1.172268524312223,2.072791166489798,0.9078561827775415,-4.555202432758438
clog,-1.308282281441047,-0.9094705668830597,-0.9637842682519161,-0.9612859976677174,-1.0182125052581912,2.329902751375097,0.5584562026299535,-5.161035619501932
shade,-0.9312019779544266,-1.0751193512305535,-1.0083743735384627,-0.6415449704021657,-1.0491631848577028,2.133579376975416,1.592683019211065,-4.7054038579833115
experience,-0.9628133232251378,-1.004541605689272,-1.118393057997151,-0.897854687056774,-1.643180265366668,2.587102778916432,1.4714141503168388,-5.626782939335003
course,-9.268973262313354,-0.3388913579265185,-0.9062302130960586,-0.7806132511127527,-1.018516634420602,9.407268417106506,2.460671699853423,-12.313224718869286
grant,-0.9814407063638464,-0.9686214709484412,-0.9938392314532334,-0.9842720229213477,-1.128626717895436,2.265338719820713,7.14395487497083,-5.056800149582305
nudge,-0.6480802226918265,-0.857775616303991,-1.0139796950602649,-0.5918495406140414,-1.036652967102045,1.8997044659343758,0.6203601721829082,-4.148338041772169
inherit,-0.9282352215885046,-1.0122822611223248,-0.7415314799187158,-0.9540192577492776,-1.0551491530925963,2.111799568595309,2.2799052795060897,-4.691217373471419
consider,-0.8797577402804918,-0.9962622390169922,-0.9204545688750642,-0.45955530022367275,-0.9517395203645895,1.9315144142421141,0.9174498071787193,-4.20776936876081
consume,-0.7760576762387594,-1.0775673814497462,-0.9634331881991427,-0.8778235370626803,-0.6356160633015342,1.966266113394956,0.5971176879882957,-4.330497846251863
